STATION,STATION_NAME,DATE,DLY-PRCP-25PCTL,DLY-PRCP-50PCTL,DLY-PRCP-75PCTL,MTD-PRCP-NORMAL,MTD-SNOW-NORMAL,YTD-PRCP-NORMAL,YTD-SNOW-NORMAL,DLY-PRCP-PCTALL-GE001HI,DLY-PRCP-PCTALL-GE010HI,DLY-PRCP-PCTALL-GE050HI,DLY-PRCP-PCTALL-GE100HI,DLY-SNWD-PCTALL-GE001WI,DLY-SNWD-PCTALL-GE010WI,DLY-SNWD-PCTALL-GE003WI,DLY-SNWD-PCTALL-GE005WI,DLY-SNOW-PCTALL-GE001TI,DLY-SNOW-PCTALL-GE010TI,DLY-SNOW-PCTALL-GE100TI,DLY-SNOW-PCTALL-GE030TI,DLY-SNOW-PCTALL-GE050TI,DLY-TAVG-NORMAL,DLY-DUTR-NORMAL,DLY-TMAX-NORMAL,DLY-TMIN-NORMAL,DLY-TAVG-STDDEV,DLY-DUTR-STDDEV,DLY-TMAX-STDDEV,DLY-TMIN-STDDEV
GHCND:USC00040693,BERKELEY CA US,20100101,0.07,0.23,0.61,0.14,0.0,0.14,0.0,353,241,110,46,0,0,0,0,0,0,0,0,0,49.7,16.0,57.7,41.7,4.1,4.8,4.6,4.9
GHCND:USC00040693,BERKELEY CA US,20100102,0.07,0.23,0.61,0.29,0.0,0.29,0.0,354,241,110,46,0,0,0,0,0,0,0,0,0,49.7,16.0,57.7,41.7,4.1,4.8,4.6,4.9
GHCND:USC00040693,BERKELEY CA US,20100103,0.07,0.23,0.61,0.43,0.0,0.43,0.0,354,242,109,46,0,0,0,0,0,0,0,0,0,49.7,16.0,57.7,41.7,4.1,4.8,4.6,4.9
GHCND:USC00040693,BERKELEY CA US,20100104,0.07,0.23,0.60,0.57,0.0,0.57,0.0,354,242,109,46,0,0,0,0,0,0,0,0,0,49.7,16.1,57.8,41.7,4.1,4.9,4.6,4.9
GHCND:USC00040693,BERKELEY CA US,20100105,0.07,0.22,0.60,0.72,0.0,0.72,0.0,354,242,109,45,0,0,0,0,0,0,0,0,0,49.7,16.1,57.8,41.7,4.1,4.9,4.6,4.9
GHCND:USC00040693,BERKELEY CA US,20100106,0.07,0.22,0.60,0.86,0.0,0.86,0.0,354,242,108,45,0,0,0,0,0,0,0,0,0,49.7,16.1,57.8,41.7,4.1,4.9,4.6,4.9
GHCND:USC00040693,BERKELEY CA US,20100107,0.07,0.22,0.60,1.01,0.0,1.01,0.0,353,242,108,45,0,0,0,0,0,0,0,0,0,49.7,16.1,57.8,41.7,4.1,4.9,4.6,4.9
GHCND:USC00040693,BERKELEY CA US,20100108,0.07,0.22,0.60,1.17,0.0,1.17,0.0,353,243,108,45,0,0,0,0,0,0,0,0,0,49.8,16.2,57.8,41.7,4.1,4.9,4.6,4.9
GHCND:USC00040693,BERKELEY CA US,20100109,0.07,0.22,0.60,1.32,0.0,1.32,0.0,353,243,108,45,0,0,0,0,0,0,0,0,0,49.8,16.2,57.9,41.7,4.1,4.9,4.6,4.9
GHCND:USC00040693,BERKELEY CA US,20100110,0.07,0.22,0.60,1.49,0.0,1.49,0.0,353,244,108,46,0,0,0,0,0,0,0,0,0,49.8,16.2,57.9,41.7,4.1,4.9,4.6,4.9
GHCND:USC00040693,BERKELEY CA US,20100111,0.08,0.23,0.60,1.66,0.0,1.66,0.0,353,246,109,46,0,0,0,0,0,0,0,0,0,49.8,16.2,57.9,41.7,4.1,4.9,4.6,4.9
GHCND:USC00040693,BERKELEY CA US,20100112,0.08,0.23,0.60,1.82,0.0,1.82,0.0,354,247,109,46,0,0,0,0,0,0,0,0,0,49.9,16.3,58.0,41.7,4.0,4.9,4.6,4.9
GHCND:USC00040693,BERKELEY CA US,20100113,0.08,0.23,0.60,1.99,0.0,1.99,0.0,355,248,109,46,0,0,0,0,0,0,0,0,0,49.9,16.3,58.0,41.8,4.0,4.9,4.6,4.9
GHCND:USC00040693,BERKELEY CA US,20100114,0.08,0.23,0.60,2.16,0.0,2.16,0.0,356,250,109,46,0,0,0,0,0,0,0,0,0,49.9,16.3,58.1,41.8,4.1,4.9,4.6,4.9
GHCND:USC00040693,BERKELEY CA US,20100115,0.08,0.23,0.60,2.33,0.0,2.33,0.0,357,252,109,46,0,0,0,0,0,0,0,0,0,50.0,16.3,58.2,41.8,4.1,4.9,4.6,4.9
GHCND:USC00040693,BERKELEY CA US,20100116,0.08,0.24,0.60,2.49,0.0,2.49,0.0,359,253,110,46,0,0,0,0,0,0,0,0,0,50.0,16.4,58.2,41.8,4.1,5.0,4.7,4.9
GHCND:USC00040693,BERKELEY CA US,20100117,0.08,0.24,0.61,2.66,0.0,2.66,0.0,359,255,111,46,0,0,0,0,0,0,0,0,0,50.1,16.4,58.3,41.9,4.1,5.0,4.7,4.9
GHCND:USC00040693,BERKELEY CA US,20100118,0.08,0.25,0.61,2.81,0.0,2.81,0.0,360,257,112,47,0,0,0,0,0,0,0,0,0,50.1,16.4,58.4,41.9,4.1,5.0,4.7,4.9
GHCND:USC00040693,BERKELEY CA US,20100119,0.08,0.25,0.62,2.97,0.0,2.97,0.0,361,259,113,48,0,0,0,0,0,0,0,0,0,50.2,16.5,58.4,42.0,4.1,5.0,4.7,4.9
GHCND:USC00040693,BERKELEY CA US,20100120,0.09,0.26,0.62,3.12,0.0,3.12,0.0,362,261,114,48,0,0,0,0,0,0,0,0,0,50.3,16.5,58.5,42.0,4.1,5.0,4.7,4.9
GHCND:USC00040693,BERKELEY CA US,20100121,0.09,0.26,0.63,3.28,0.0,3.28,0.0,363,263,116,49,0,0,0,0,0,0,0,0,0,50.3,16.5,58.6,42.1,4.1,5.0,4.8,4.8
GHCND:USC00040693,BERKELEY CA US,20100122,0.09,0.27,0.63,3.44,0.0,3.44,0.0,364,265,117,50,0,0,0,0,0,0,0,0,0,50.4,16.6,58.7,42.1,4.1,5.0,4.8,4.8
GHCND:USC00040693,BERKELEY CA US,20100123,0.09,0.27,0.64,3.60,0.0,3.60,0.0,364,266,118,50,0,0,0,0,0,0,0,0,0,50.5,16.6,58.8,42.2,4.1,5.0,4.8,4.8
GHCND:USC00040693,BERKELEY CA US,20100124,0.09,0.28,0.65,3.76,0.0,3.76,0.0,364,267,119,51,0,0,0,0,0,0,0,0,0,50.6,16.6,58.9,42.3,4.1,5.0,4.8,4.8
GHCND:USC00040693,BERKELEY CA US,20100125,0.09,0.29,0.66,3.93,0.0,3.93,0.0,363,268,120,51,0,0,0,0,0,0,0,0,0,50.7,16.7,59.0,42.3,4.1,5.0,4.9,4.8
GHCND:USC00040693,BERKELEY CA US,20100126,0.09,0.29,0.66,4.10,0.0,4.10,0.0,363,269,121,51,0,0,0,0,0,0,0,0,0,50.8,16.7,59.1,42.4,4.1,5.0,4.9,4.8
GHCND:USC00040693,BERKELEY CA US,20100127,0.10,0.30,0.67,4.27,0.0,4.27,0.0,363,269,122,52,0,0,0,0,0,0,0,0,0,50.9,16.7,59.2,42.5,4.1,5.0,4.9,4.8
GHCND:USC00040693,BERKELEY CA US,20100128,0.10,0.30,0.68,4.44,0.0,4.44,0.0,362,270,123,52,0,0,0,0,0,0,0,0,0,50.9,16.8,59.3,42.6,4.2,5.1,4.9,4.8
GHCND:USC00040693,BERKELEY CA US,20100129,0.10,0.30,0.68,4.61,0.0,4.61,0.0,362,270,124,53,0,0,0,0,0,0,0,0,0,51.1,16.8,59.5,42.6,4.2,5.1,5.0,4.8
GHCND:USC00040693,BERKELEY CA US,20100130,0.10,0.31,0.69,4.80,0.0,4.80,0.0,361,270,124,53,0,0,0,0,0,0,0,0,0,51.2,16.9,59.6,42.7,4.2,5.1,5.0,4.8
GHCND:USC00040693,BERKELEY CA US,20100131,0.10,0.31,0.70,4.98,0.0,4.98,0.0,361,271,125,53,0,0,0,0,0,0,0,0,0,51.3,16.9,59.7,42.8,4.2,5.1,5.0,4.8
GHCND:USC00040693,BERKELEY CA US,20100201,0.10,0.31,0.70,0.19,0.0,5.17,0.0,361,271,126,54,0,0,0,0,0,0,0,0,0,51.4,16.9,59.8,42.9,4.2,5.1,5.1,4.8
GHCND:USC00040693,BERKELEY CA US,20100202,0.10,0.32,0.71,0.38,0.0,5.36,0.0,362,272,127,55,0,0,0,0,0,0,0,0,0,51.5,17.0,60.0,43.0,4.2,5.1,5.1,4.8
GHCND:USC00040693,BERKELEY CA US,20100203,0.10,0.32,0.71,0.58,0.0,5.56,0.0,364,273,128,56,0,0,0,0,0,0,0,0,0,51.6,17.0,60.1,43.1,4.2,5.1,5.1,4.8
GHCND:USC00040693,BERKELEY CA US,20100204,0.10,0.32,0.71,0.78,0.0,5.76,0.0,365,274,129,56,0,0,0,0,0,0,0,0,0,51.7,17.0,60.2,43.2,4.2,5.1,5.2,4.8
GHCND:USC00040693,BERKELEY CA US,20100205,0.10,0.33,0.72,0.98,0.0,5.96,0.0,366,275,130,57,0,0,0,0,0,0,0,0,0,51.8,17.1,60.4,43.3,4.3,5.1,5.2,4.7
GHCND:USC00040693,BERKELEY CA US,20100206,0.10,0.33,0.72,1.17,0.0,6.15,0.0,368,276,131,58,0,0,0,0,0,0,0,0,0,52.0,17.1,60.5,43.4,4.3,5.1,5.2,4.7
GHCND:USC00040693,BERKELEY CA US,20100207,0.10,0.33,0.72,1.37,0.0,6.35,0.0,370,277,132,58,0,0,0,0,0,0,0,0,0,52.1,17.2,60.6,43.5,4.3,5.1,5.3,4.7
GHCND:USC00040693,BERKELEY CA US,20100208,0.09,0.33,0.72,1.56,0.0,6.54,0.0,371,278,133,58,0,0,0,0,0,0,0,0,0,52.2,17.2,60.8,43.6,4.3,5.1,5.3,4.7
GHCND:USC00040693,BERKELEY CA US,20100209,0.09,0.33,0.72,1.75,0.0,6.73,0.0,372,278,134,58,0,0,0,0,0,0,0,0,0,52.3,17.2,60.9,43.7,4.3,5.2,5.4,4.7
GHCND:USC00040693,BERKELEY CA US,20100210,0.09,0.33,0.73,1.94,0.0,6.92,0.0,374,279,135,59,0,0,0,0,0,0,0,0,0,52.4,17.3,61.1,43.8,4.3,5.2,5.4,4.7
GHCND:USC00040693,BERKELEY CA US,20100211,0.09,0.33,0.73,2.12,0.0,7.10,0.0,375,279,136,59,0,0,0,0,0,0,0,0,0,52.6,17.3,61.2,43.9,4.3,5.2,5.4,4.7
GHCND:USC00040693,BERKELEY CA US,20100212,0.09,0.33,0.73,2.31,0.0,7.29,0.0,376,280,137,59,0,0,0,0,0,0,0,0,0,52.7,17.3,61.3,44.0,4.3,5.2,5.4,4.7
GHCND:USC00040693,BERKELEY CA US,20100213,0.09,0.33,0.73,2.49,0.0,7.47,0.0,376,280,137,59,0,0,0,0,0,0,0,0,0,52.8,17.4,61.5,44.1,4.3,5.2,5.5,4.6
GHCND:USC00040693,BERKELEY CA US,20100214,0.09,0.33,0.73,2.67,0.0,7.65,0.0,377,280,138,59,0,0,0,0,0,0,0,0,0,52.9,17.4,61.6,44.2,4.3,5.2,5.5,4.6
GHCND:USC00040693,BERKELEY CA US,20100215,0.09,0.33,0.73,2.85,0.0,7.83,0.0,378,280,138,59,0,0,0,0,0,0,0,0,0,53.0,17.4,61.7,44.3,4.3,5.2,5.5,4.6
GHCND:USC00040693,BERKELEY CA US,20100216,0.09,0.33,0.73,3.04,0.0,8.02,0.0,378,280,137,58,0,0,0,0,0,0,0,0,0,53.1,17.5,61.9,44.4,4.4,5.2,5.5,4.6
GHCND:USC00040693,BERKELEY CA US,20100217,0.09,0.33,0.72,3.23,0.0,8.21,0.0,378,279,137,58,0,0,0,0,0,0,0,0,0,53.2,17.5,62.0,44.5,4.4,5.2,5.6,4.6
GHCND:USC00040693,BERKELEY CA US,20100218,0.09,0.32,0.72,3.41,0.0,8.39,0.0,378,279,136,57,0,0,0,0,0,0,0,0,0,53.3,17.5,62.1,44.6,4.4,5.2,5.6,4.6
GHCND:USC00040693,BERKELEY CA US,20100219,0.09,0.32,0.71,3.60,0.0,8.58,0.0,378,277,136,56,0,0,0,0,0,0,0,0,0,53.4,17.6,62.2,44.7,4.4,5.2,5.6,4.6
GHCND:USC00040693,BERKELEY CA US,20100220,0.09,0.32,0.70,3.78,0.0,8.76,0.0,377,276,134,55,0,0,0,0,0,0,0,0,0,53.5,17.6,62.3,44.8,4.4,5.2,5.6,4.6
GHCND:USC00040693,BERKELEY CA US,20100221,0.09,0.31,0.70,3.97,0.0,8.95,0.0,376,275,133,54,0,0,0,0,0,0,0,0,0,53.6,17.6,62.5,44.8,4.4,5.3,5.6,4.6
GHCND:USC00040693,BERKELEY CA US,20100222,0.08,0.31,0.69,4.14,0.0,9.12,0.0,375,273,131,53,0,0,0,0,0,0,0,0,0,53.7,17.6,62.6,44.9,4.4,5.3,5.7,4.6
GHCND:USC00040693,BERKELEY CA US,20100223,0.08,0.31,0.68,4.32,0.0,9.30,0.0,374,272,130,52,0,0,0,0,0,0,0,0,0,53.8,17.7,62.7,45.0,4.4,5.3,5.7,4.6
GHCND:USC00040693,BERKELEY CA US,20100224,0.08,0.30,0.68,4.50,0.0,9.48,0.0,373,270,128,50,0,0,0,0,0,0,0,0,0,53.9,17.7,62.8,45.1,4.4,5.3,5.7,4.6
GHCND:USC00040693,BERKELEY CA US,20100225,0.08,0.30,0.67,4.68,0.0,9.66,0.0,372,269,127,49,0,0,0,0,0,0,0,0,0,54.0,17.7,62.9,45.1,4.5,5.3,5.8,4.6
GHCND:USC00040693,BERKELEY CA US,20100226,0.08,0.30,0.66,4.86,0.0,9.84,0.0,371,267,126,48,0,0,0,0,0,0,0,0,0,54.1,17.8,63.0,45.2,4.5,5.3,5.8,4.5
GHCND:USC00040693,BERKELEY CA US,20100227,0.08,0.29,0.65,5.04,0.0,10.02,0.0,369,266,124,47,0,0,0,0,0,0,0,0,0,54.2,17.8,63.0,45.3,4.5,5.3,5.8,4.5
GHCND:USC00040693,BERKELEY CA US,20100228,0.08,0.29,0.65,5.21,0.0,10.19,0.0,368,264,123,45,0,0,0,0,0,0,0,0,0,54.2,17.8,63.1,45.3,4.5,5.4,5.9,4.5
GHCND:USC00040693,BERKELEY CA US,20100301,0.08,0.29,0.63,0.18,0.0,10.37,0.0,364,260,120,43,0,0,0,0,0,0,0,0,0,54.3,17.8,63.2,45.4,4.5,5.4,5.9,4.5
GHCND:USC00040693,BERKELEY CA US,20100302,0.08,0.29,0.63,0.35,0.0,10.54,0.0,361,258,118,42,0,0,0,0,0,0,0,0,0,54.4,17.9,63.3,45.4,4.5,5.4,6.0,4.5
GHCND:USC00040693,BERKELEY CA US,20100303,0.08,0.28,0.62,0.51,0.0,10.70,0.0,358,256,117,40,0,0,0,0,0,0,0,0,0,54.4,17.9,63.4,45.5,4.5,5.4,6.0,4.5
GHCND:USC00040693,BERKELEY CA US,20100304,0.08,0.28,0.62,0.66,0.0,10.85,0.0,355,254,116,39,0,0,0,0,0,0,0,0,0,54.5,17.9,63.4,45.5,4.5,5.5,6.0,4.5
GHCND:USC00040693,BERKELEY CA US,20100305,0.08,0.28,0.62,0.81,0.0,11.00,0.0,351,251,114,38,0,0,0,0,0,0,0,0,0,54.5,18.0,63.5,45.6,4.5,5.5,6.0,4.5
GHCND:USC00040693,BERKELEY CA US,20100306,0.08,0.28,0.61,0.96,0.0,11.15,0.0,347,248,112,37,0,0,0,0,0,0,0,0,0,54.6,18.0,63.6,45.6,4.5,5.5,6.1,4.4
GHCND:USC00040693,BERKELEY CA US,20100307,0.08,0.27,0.61,1.10,0.0,11.29,0.0,343,245,110,36,0,0,0,0,0,0,0,0,0,54.6,18.0,63.6,45.6,4.5,5.5,6.1,4.4
GHCND:USC00040693,BERKELEY CA US,20100308,0.08,0.27,0.60,1.24,0.0,11.43,0.0,339,242,108,34,0,0,0,0,0,0,0,0,0,54.7,18.1,63.7,45.7,4.6,5.6,6.1,4.4
GHCND:USC00040693,BERKELEY CA US,20100309,0.08,0.27,0.60,1.38,0.0,11.57,0.0,335,239,106,33,0,0,0,0,0,0,0,0,0,54.7,18.1,63.8,45.7,4.6,5.6,6.1,4.4
GHCND:USC00040693,BERKELEY CA US,20100310,0.08,0.27,0.59,1.51,0.0,11.70,0.0,331,236,104,32,0,0,0,0,0,0,0,0,0,54.8,18.1,63.8,45.7,4.6,5.6,6.2,4.4
GHCND:USC00040693,BERKELEY CA US,20100311,0.08,0.26,0.59,1.65,0.0,11.84,0.0,327,233,102,31,0,0,0,0,0,0,0,0,0,54.8,18.2,63.9,45.7,4.6,5.6,6.2,4.4
GHCND:USC00040693,BERKELEY CA US,20100312,0.08,0.26,0.58,1.78,0.0,11.97,0.0,323,230,100,30,0,0,0,0,0,0,0,0,0,54.8,18.2,63.9,45.7,4.6,5.6,6.2,4.4
GHCND:USC00040693,BERKELEY CA US,20100313,0.08,0.26,0.57,1.91,0.0,12.10,0.0,319,226,97,28,0,0,0,0,0,0,0,0,0,54.9,18.3,64.0,45.7,4.6,5.7,6.2,4.4
GHCND:USC00040693,BERKELEY CA US,20100314,0.08,0.25,0.57,2.04,0.0,12.23,0.0,315,223,95,27,0,0,0,0,0,0,0,0,0,54.9,18.3,64.1,45.8,4.6,5.7,6.3,4.4
GHCND:USC00040693,BERKELEY CA US,20100315,0.08,0.25,0.56,2.16,0.0,12.35,0.0,311,219,93,26,0,0,0,0,0,0,0,0,0,54.9,18.4,64.1,45.8,4.6,5.7,6.3,4.4
GHCND:USC00040693,BERKELEY CA US,20100316,0.08,0.24,0.56,2.29,0.0,12.48,0.0,307,216,91,26,0,0,0,0,0,0,0,0,0,55.0,18.4,64.2,45.8,4.7,5.7,6.4,4.4
GHCND:USC00040693,BERKELEY CA US,20100317,0.08,0.24,0.55,2.41,0.0,12.60,0.0,303,212,88,25,0,0,0,0,0,0,0,0,0,55.0,18.5,64.2,45.8,4.7,5.7,6.4,4.4
GHCND:USC00040693,BERKELEY CA US,20100318,0.08,0.24,0.55,2.52,0.0,12.71,0.0,299,209,86,24,0,0,0,0,0,0,0,0,0,55.0,18.5,64.3,45.8,4.7,5.7,6.5,4.4
GHCND:USC00040693,BERKELEY CA US,20100319,0.08,0.23,0.54,2.64,0.0,12.83,0.0,295,206,84,24,0,0,0,0,0,0,0,0,0,55.1,18.6,64.4,45.8,4.7,5.8,6.5,4.4
GHCND:USC00040693,BERKELEY CA US,20100320,0.08,0.23,0.54,2.76,0.0,12.95,0.0,292,204,83,23,0,0,0,0,0,0,0,0,0,55.1,18.6,64.4,45.8,4.7,5.8,6.5,4.4
GHCND:USC00040693,BERKELEY CA US,20100321,0.08,0.23,0.53,2.87,0.0,13.06,0.0,289,201,81,23,0,0,0,0,0,0,0,0,0,55.1,18.7,64.5,45.8,4.8,5.8,6.6,4.4
GHCND:USC00040693,BERKELEY CA US,20100322,0.08,0.22,0.52,2.98,0.0,13.17,0.0,286,198,79,22,0,0,0,0,0,0,0,0,0,55.2,18.8,64.5,45.8,4.8,5.8,6.6,4.4
GHCND:USC00040693,BERKELEY CA US,20100323,0.08,0.22,0.52,3.09,0.0,13.28,0.0,283,196,77,22,0,0,0,0,0,0,0,0,0,55.2,18.8,64.6,45.8,4.8,5.8,6.6,4.4
GHCND:USC00040693,BERKELEY CA US,20100324,0.08,0.22,0.51,3.20,0.0,13.39,0.0,280,193,76,22,0,0,0,0,0,0,0,0,0,55.2,18.9,64.7,45.8,4.8,5.8,6.7,4.4
GHCND:USC00040693,BERKELEY CA US,20100325,0.08,0.21,0.51,3.30,0.0,13.49,0.0,276,190,74,21,0,0,0,0,0,0,0,0,0,55.3,19.0,64.8,45.8,4.8,5.8,6.7,4.4
GHCND:USC00040693,BERKELEY CA US,20100326,0.08,0.21,0.50,3.40,0.0,13.59,0.0,273,188,72,21,0,0,0,0,0,0,0,0,0,55.3,19.1,64.8,45.8,4.8,5.8,6.7,4.4
GHCND:USC00040693,BERKELEY CA US,20100327,0.08,0.21,0.50,3.49,0.0,13.68,0.0,270,185,70,21,0,0,0,0,0,0,0,0,0,55.3,19.1,64.9,45.8,4.8,5.8,6.7,4.3
GHCND:USC00040693,BERKELEY CA US,20100328,0.07,0.20,0.49,3.59,0.0,13.78,0.0,267,183,69,20,0,0,0,0,0,0,0,0,0,55.4,19.2,65.0,45.8,4.8,5.8,6.7,4.3
GHCND:USC00040693,BERKELEY CA US,20100329,0.07,0.20,0.48,3.68,0.0,13.87,0.0,264,180,67,20,0,0,0,0,0,0,0,0,0,55.4,19.3,65.1,45.8,4.8,5.8,6.7,4.3
GHCND:USC00040693,BERKELEY CA US,20100330,0.07,0.20,0.48,3.77,0.0,13.96,0.0,261,178,65,20,0,0,0,0,0,0,0,0,0,55.5,19.4,65.2,45.8,4.8,5.9,6.7,4.3
GHCND:USC00040693,BERKELEY CA US,20100331,0.07,0.19,0.47,3.86,0.0,14.05,0.0,258,175,64,19,0,0,0,0,0,0,0,0,0,55.5,19.4,65.2,45.8,4.8,5.9,6.7,4.3
GHCND:USC00040693,BERKELEY CA US,20100401,0.07,0.19,0.47,0.08,0.0,14.13,0.0,256,172,62,19,0,0,0,0,0,0,0,0,0,55.6,19.5,65.3,45.8,4.8,5.9,6.7,4.3
GHCND:USC00040693,BERKELEY CA US,20100402,0.07,0.18,0.46,0.15,0.0,14.20,0.0,253,169,60,18,0,0,0,0,0,0,0,0,0,55.6,19.6,65.4,45.8,4.8,5.9,6.8,4.3
GHCND:USC00040693,BERKELEY CA US,20100403,0.07,0.18,0.45,0.23,0.0,14.28,0.0,250,167,58,17,0,0,0,0,0,0,0,0,0,55.7,19.7,65.5,45.8,4.8,5.9,6.8,4.3
GHCND:USC00040693,BERKELEY CA US,20100404,0.07,0.18,0.44,0.30,0.0,14.35,0.0,248,165,56,17,0,0,0,0,0,0,0,0,0,55.7,19.8,65.6,45.9,4.8,5.9,6.8,4.3
GHCND:USC00040693,BERKELEY CA US,20100405,0.07,0.17,0.44,0.38,0.0,14.43,0.0,246,162,54,16,0,0,0,0,0,0,0,0,0,55.8,19.8,65.7,45.9,4.9,5.9,6.8,4.3
GHCND:USC00040693,BERKELEY CA US,20100406,0.06,0.17,0.43,0.45,0.0,14.50,0.0,244,160,52,16,0,0,0,0,0,0,0,0,0,55.9,19.9,65.8,45.9,4.9,6.0,6.8,4.3
GHCND:USC00040693,BERKELEY CA US,20100407,0.06,0.17,0.42,0.52,0.0,14.57,0.0,242,158,51,15,0,0,0,0,0,0,0,0,0,55.9,20.0,65.9,45.9,4.9,6.0,6.9,4.3
GHCND:USC00040693,BERKELEY CA US,20100408,0.06,0.17,0.41,0.58,0.0,14.63,0.0,239,156,49,15,0,0,0,0,0,0,0,0,0,56.0,20.0,66.0,46.0,4.9,6.0,6.9,4.3
GHCND:USC00040693,BERKELEY CA US,20100409,0.06,0.16,0.41,0.65,0.0,14.70,0.0,237,154,48,14,0,0,0,0,0,0,0,0,0,56.1,20.1,66.1,46.0,4.9,6.1,6.9,4.3
GHCND:USC00040693,BERKELEY CA US,20100410,0.06,0.16,0.40,0.71,0.0,14.76,0.0,235,152,46,14,0,0,0,0,0,0,0,0,0,56.2,20.2,66.2,46.1,4.9,6.1,6.9,4.3
GHCND:USC00040693,BERKELEY CA US,20100411,0.06,0.16,0.40,0.77,0.0,14.82,0.0,232,150,45,13,0,0,0,0,0,0,0,0,0,56.2,20.2,66.3,46.1,4.9,6.1,7.0,4.3
GHCND:USC00040693,BERKELEY CA US,20100412,0.06,0.16,0.39,0.84,0.0,14.89,0.0,230,148,44,13,0,0,0,0,0,0,0,0,0,56.3,20.3,66.4,46.2,4.9,6.1,7.0,4.3
GHCND:USC00040693,BERKELEY CA US,20100413,0.06,0.15,0.39,0.90,0.0,14.95,0.0,228,146,42,12,0,0,0,0,0,0,0,0,0,56.4,20.3,66.6,46.2,5.0,6.2,7.0,4.3
GHCND:USC00040693,BERKELEY CA US,20100414,0.06,0.15,0.38,0.95,0.0,15.00,0.0,225,144,41,11,0,0,0,0,0,0,0,0,0,56.5,20.4,66.7,46.3,5.0,6.2,7.1,4.3
GHCND:USC00040693,BERKELEY CA US,20100415,0.06,0.15,0.38,1.01,0.0,15.06,0.0,222,142,39,11,0,0,0,0,0,0,0,0,0,56.5,20.4,66.8,46.3,5.0,6.3,7.1,4.3
GHCND:USC00040693,BERKELEY CA US,20100416,0.06,0.15,0.38,1.06,0.0,15.11,0.0,220,140,38,10,0,0,0,0,0,0,0,0,0,56.6,20.5,66.9,46.4,5.0,6.3,7.1,4.3
GHCND:USC00040693,BERKELEY CA US,20100417,0.06,0.15,0.37,1.11,0.0,15.16,0.0,217,138,37,10,0,0,0,0,0,0,0,0,0,56.7,20.5,67.0,46.5,4.9,6.3,7.1,4.3
GHCND:USC00040693,BERKELEY CA US,20100418,0.06,0.15,0.37,1.16,0.0,15.21,0.0,214,136,36,9,0,0,0,0,0,0,0,0,0,56.8,20.5,67.1,46.5,4.9,6.4,7.1,4.3
GHCND:USC00040693,BERKELEY CA US,20100419,0.06,0.15,0.37,1.20,0.0,15.25,0.0,210,133,35,9,0,0,0,0,0,0,0,0,0,56.9,20.6,67.2,46.6,4.9,6.4,7.1,4.3
GHCND:USC00040693,BERKELEY CA US,20100420,0.06,0.15,0.36,1.25,0.0,15.30,0.0,207,131,34,8,0,0,0,0,0,0,0,0,0,57.0,20.6,67.3,46.7,4.9,6.5,7.2,4.3
GHCND:USC00040693,BERKELEY CA US,20100421,0.06,0.14,0.36,1.30,0.0,15.35,0.0,204,128,33,8,0,0,0,0,0,0,0,0,0,57.1,20.6,67.4,46.8,4.9,6.5,7.2,4.3
GHCND:USC00040693,BERKELEY CA US,20100422,0.06,0.14,0.36,1.35,0.0,15.40,0.0,201,126,32,7,0,0,0,0,0,0,0,0,0,57.2,20.6,67.5,46.9,4.9,6.5,7.1,4.2
GHCND:USC00040693,BERKELEY CA US,20100423,0.06,0.14,0.36,1.39,0.0,15.44,0.0,198,124,31,7,0,0,0,0,0,0,0,0,0,57.3,20.6,67.6,47.0,4.9,6.5,7.1,4.2
GHCND:USC00040693,BERKELEY CA US,20100424,0.06,0.14,0.36,1.44,0.0,15.49,0.0,194,121,30,6,0,0,0,0,0,0,0,0,0,57.4,20.6,67.7,47.0,4.9,6.5,7.1,4.2
GHCND:USC00040693,BERKELEY CA US,20100425,0.06,0.14,0.35,1.48,0.0,15.53,0.0,191,119,29,6,0,0,0,0,0,0,0,0,0,57.5,20.6,67.8,47.1,4.8,6.6,7.1,4.2
GHCND:USC00040693,BERKELEY CA US,20100426,0.06,0.14,0.35,1.52,0.0,15.57,0.0,187,117,28,5,0,0,0,0,0,0,0,0,0,57.6,20.6,67.9,47.2,4.8,6.6,7.1,4.2
GHCND:USC00040693,BERKELEY CA US,20100427,0.06,0.14,0.35,1.56,0.0,15.61,0.0,184,114,27,5,0,0,0,0,0,0,0,0,0,57.6,20.6,67.9,47.3,4.8,6.6,7.2,4.1
GHCND:USC00040693,BERKELEY CA US,20100428,0.06,0.14,0.35,1.59,0.0,15.64,0.0,180,112,26,5,0,0,0,0,0,0,0,0,0,57.7,20.6,68.0,47.4,4.8,6.7,7.2,4.1
GHCND:USC00040693,BERKELEY CA US,20100429,0.06,0.14,0.34,1.63,0.0,15.68,0.0,177,109,25,4,0,0,0,0,0,0,0,0,0,57.8,20.6,68.1,47.6,4.8,6.7,7.2,4.1
GHCND:USC00040693,BERKELEY CA US,20100430,0.06,0.14,0.34,1.66,0.0,15.71,0.0,174,107,24,4,0,0,0,0,0,0,0,0,0,57.9,20.6,68.2,47.7,4.8,6.7,7.2,4.1
GHCND:USC00040693,BERKELEY CA US,20100501,0.06,0.14,0.34,0.04,0.0,15.75,0.0,170,105,23,4,0,0,0,0,0,0,0,0,0,58.0,20.5,68.3,47.8,4.7,6.8,7.2,4.0
GHCND:USC00040693,BERKELEY CA US,20100502,0.06,0.14,0.34,0.08,0.0,15.79,0.0,167,103,23,4,0,0,0,0,0,0,0,0,0,58.1,20.5,68.4,47.9,4.7,6.8,7.2,4.0
GHCND:USC00040693,BERKELEY CA US,20100503,0.06,0.14,0.34,0.12,0.0,15.83,0.0,163,100,22,3,0,0,0,0,0,0,0,0,0,58.2,20.5,68.5,48.0,4.7,6.8,7.2,4.0
GHCND:USC00040693,BERKELEY CA US,20100504,0.06,0.14,0.34,0.16,0.0,15.87,0.0,159,98,21,3,0,0,0,0,0,0,0,0,0,58.3,20.4,68.6,48.1,4.7,6.8,7.2,4.0
GHCND:USC00040693,BERKELEY CA US,20100505,0.06,0.14,0.34,0.20,0.0,15.91,0.0,154,95,21,3,0,0,0,0,0,0,0,0,0,58.4,20.4,68.6,48.2,4.7,6.8,7.2,3.9
GHCND:USC00040693,BERKELEY CA US,20100506,0.06,0.14,0.34,0.24,0.0,15.95,0.0,150,93,20,3,0,0,0,0,0,0,0,0,0,58.5,20.4,68.7,48.3,4.6,6.8,7.2,3.9
GHCND:USC00040693,BERKELEY CA US,20100507,0.06,0.14,0.34,0.27,0.0,15.98,0.0,145,90,20,3,0,0,0,0,0,0,0,0,0,58.6,20.4,68.8,48.4,4.6,6.8,7.2,3.9
GHCND:USC00040693,BERKELEY CA US,20100508,0.06,0.14,0.34,0.31,0.0,16.02,0.0,141,87,19,3,0,0,0,0,0,0,0,0,0,58.7,20.3,68.9,48.6,4.6,6.8,7.2,3.8
GHCND:USC00040693,BERKELEY CA US,20100509,0.06,0.14,0.34,0.34,0.0,16.05,0.0,136,84,18,3,0,0,0,0,0,0,0,0,0,58.8,20.3,69.0,48.7,4.6,6.8,7.2,3.8
GHCND:USC00040693,BERKELEY CA US,20100510,0.06,0.14,0.34,0.37,0.0,16.08,0.0,132,81,17,2,0,0,0,0,0,0,0,0,0,58.9,20.3,69.1,48.8,4.5,6.9,7.2,3.8
GHCND:USC00040693,BERKELEY CA US,20100511,0.06,0.14,0.34,0.41,0.0,16.12,0.0,128,79,17,2,0,0,0,0,0,0,0,0,0,59.0,20.2,69.1,48.9,4.5,6.9,7.1,3.7
GHCND:USC00040693,BERKELEY CA US,20100512,0.06,0.14,0.34,0.44,0.0,16.15,0.0,124,77,16,2,0,0,0,0,0,0,0,0,0,59.1,20.2,69.2,49.0,4.5,6.9,7.1,3.7
GHCND:USC00040693,BERKELEY CA US,20100513,0.06,0.14,0.34,0.47,0.0,16.18,0.0,121,74,16,2,0,0,0,0,0,0,0,0,0,59.2,20.2,69.3,49.1,4.5,6.9,7.1,3.7
GHCND:USC00040693,BERKELEY CA US,20100514,0.06,0.14,0.34,0.50,0.0,16.21,0.0,117,72,15,2,0,0,0,0,0,0,0,0,0,59.3,20.2,69.4,49.2,4.4,6.9,7.1,3.6
GHCND:USC00040693,BERKELEY CA US,20100515,0.06,0.14,0.34,0.53,0.0,16.24,0.0,114,70,15,2,0,0,0,0,0,0,0,0,0,59.4,20.2,69.5,49.3,4.4,6.9,7.1,3.6
GHCND:USC00040693,BERKELEY CA US,20100516,0.06,0.14,0.34,0.56,0.0,16.27,0.0,110,68,14,2,0,0,0,0,0,0,0,0,0,59.5,20.2,69.6,49.5,4.4,6.9,7.1,3.6
GHCND:USC00040693,BERKELEY CA US,20100517,0.05,0.14,0.34,0.59,0.0,16.30,0.0,107,66,13,2,0,0,0,0,0,0,0,0,0,59.6,20.1,69.7,49.6,4.4,6.9,7.1,3.5
GHCND:USC00040693,BERKELEY CA US,20100518,-6.66,-6.66,-6.66,0.61,0.0,16.32,0.0,103,64,13,2,0,0,0,0,0,0,0,0,0,59.7,20.1,69.8,49.7,4.4,6.8,7.1,3.5
GHCND:USC00040693,BERKELEY CA US,20100519,-6.66,-6.66,-6.66,0.64,0.0,16.35,0.0,100,62,13,2,0,0,0,0,0,0,0,0,0,59.8,20.1,69.9,49.8,4.3,6.8,7.1,3.5
GHCND:USC00040693,BERKELEY CA US,20100520,-6.66,-6.66,-6.66,0.66,0.0,16.37,0.0,97,60,12,2,0,0,0,0,0,0,0,0,0,59.9,20.2,70.0,49.9,4.3,6.9,7.1,3.4
GHCND:USC00040693,BERKELEY CA US,20100521,-6.66,-6.66,-6.66,0.68,0.0,16.39,0.0,94,58,11,2,0,0,0,0,0,0,0,0,0,60.1,20.2,70.1,50.0,4.3,6.9,7.1,3.4
GHCND:USC00040693,BERKELEY CA US,20100522,-6.66,-6.66,-6.66,0.70,0.0,16.41,0.0,91,56,11,2,0,0,0,0,0,0,0,0,0,60.2,20.2,70.2,50.1,4.3,6.9,7.1,3.4
GHCND:USC00040693,BERKELEY CA US,20100523,-6.66,-6.66,-6.66,0.72,0.0,16.43,0.0,88,54,10,2,0,0,0,0,0,0,0,0,0,60.3,20.2,70.4,50.2,4.3,6.9,7.1,3.4
GHCND:USC00040693,BERKELEY CA US,20100524,-6.66,-6.66,-6.66,0.74,0.0,16.45,0.0,85,52,10,2,0,0,0,0,0,0,0,0,0,60.4,20.2,70.5,50.3,4.3,6.9,7.1,3.4
GHCND:USC00040693,BERKELEY CA US,20100525,-6.66,-6.66,-6.66,0.76,0.0,16.47,0.0,82,50,10,2,0,0,0,0,0,0,0,0,0,60.5,20.3,70.6,50.3,4.3,7.0,7.2,3.3
GHCND:USC00040693,BERKELEY CA US,20100526,-6.66,-6.66,-6.66,0.78,0.0,16.49,0.0,80,48,9,2,0,0,0,0,0,0,0,0,0,60.6,20.3,70.7,50.4,4.3,7.0,7.2,3.3
GHCND:USC00040693,BERKELEY CA US,20100527,-6.66,-6.66,-6.66,0.80,0.0,16.51,0.0,77,46,9,2,0,0,0,0,0,0,0,0,0,60.7,20.3,70.9,50.5,4.3,7.0,7.2,3.3
GHCND:USC00040693,BERKELEY CA US,20100528,-6.66,-6.66,-6.66,0.81,0.0,16.52,0.0,74,44,8,2,0,0,0,0,0,0,0,0,0,60.8,20.4,71.0,50.6,4.3,7.0,7.2,3.3
GHCND:USC00040693,BERKELEY CA US,20100529,-6.66,-6.66,-6.66,0.83,0.0,16.54,0.0,71,42,8,2,0,0,0,0,0,0,0,0,0,60.9,20.4,71.1,50.7,4.3,7.0,7.2,3.3
GHCND:USC00040693,BERKELEY CA US,20100530,-6.66,-6.66,-6.66,0.85,0.0,16.56,0.0,68,41,8,2,0,0,0,0,0,0,0,0,0,61.0,20.5,71.3,50.8,4.4,7.1,7.2,3.3
GHCND:USC00040693,BERKELEY CA US,20100531,-6.66,-6.66,-6.66,0.86,0.0,16.57,0.0,66,39,7,2,0,0,0,0,0,0,0,0,0,61.1,20.5,71.4,50.8,4.4,7.1,7.3,3.3
GHCND:USC00040693,BERKELEY CA US,20100601,-6.66,-6.66,-6.66,0.01,0.0,16.58,0.0,63,37,7,-9999,0,0,0,0,0,0,0,0,0,61.2,20.6,71.5,50.9,4.4,7.1,7.3,3.3
GHCND:USC00040693,BERKELEY CA US,20100602,-6.66,-6.66,-6.66,0.02,0.0,16.59,0.0,61,35,6,-9999,0,0,0,0,0,0,0,0,0,61.3,20.7,71.7,51.0,4.4,7.2,7.3,3.3
GHCND:USC00040693,BERKELEY CA US,20100603,-6.66,-6.66,-6.66,0.03,0.0,16.60,0.0,59,34,6,-9999,0,0,0,0,0,0,0,0,0,61.4,20.7,71.8,51.1,4.4,7.2,7.4,3.3
GHCND:USC00040693,BERKELEY CA US,20100604,-6.66,-6.66,-6.66,0.04,0.0,16.61,0.0,57,32,6,-9999,0,0,0,0,0,0,0,0,0,61.5,20.8,71.9,51.1,4.4,7.2,7.4,3.3
GHCND:USC00040693,BERKELEY CA US,20100605,-6.66,-6.66,-6.66,0.05,0.0,16.62,0.0,56,31,5,-9999,0,0,0,0,0,0,0,0,0,61.6,20.9,72.1,51.2,4.5,7.3,7.4,3.3
GHCND:USC00040693,BERKELEY CA US,20100606,-6.66,-6.66,-6.66,0.05,0.0,16.62,0.0,54,30,5,-9999,0,0,0,0,0,0,0,0,0,61.7,21.0,72.2,51.3,4.5,7.3,7.5,3.3
GHCND:USC00040693,BERKELEY CA US,20100607,-6.66,-6.66,-6.66,0.06,0.0,16.63,0.0,52,28,5,-9999,0,0,0,0,0,0,0,0,0,61.8,21.0,72.4,51.3,4.5,7.3,7.5,3.3
GHCND:USC00040693,BERKELEY CA US,20100608,-6.66,-6.66,-6.66,0.07,0.0,16.64,0.0,50,27,5,-9999,0,0,0,0,0,0,0,0,0,61.9,21.1,72.5,51.4,4.5,7.3,7.5,3.3
GHCND:USC00040693,BERKELEY CA US,20100609,-6.66,-6.66,-6.66,0.08,0.0,16.65,0.0,48,26,4,-9999,0,0,0,0,0,0,0,0,0,62.0,21.2,72.6,51.4,4.5,7.3,7.5,3.3
GHCND:USC00040693,BERKELEY CA US,20100610,-6.66,-6.66,-6.66,0.08,0.0,16.65,0.0,46,24,4,-9999,0,0,0,0,0,0,0,0,0,62.1,21.3,72.7,51.5,4.5,7.4,7.5,3.3
GHCND:USC00040693,BERKELEY CA US,20100611,-6.66,-6.66,-6.66,0.09,0.0,16.66,0.0,44,23,4,-9999,0,0,0,0,0,0,0,0,0,62.2,21.3,72.9,51.5,4.5,7.4,7.6,3.3
GHCND:USC00040693,BERKELEY CA US,20100612,-6.66,-6.66,-6.66,0.09,0.0,16.66,0.0,42,21,4,-9999,0,0,0,0,0,0,0,0,0,62.3,21.4,73.0,51.6,4.5,7.4,7.6,3.3
GHCND:USC00040693,BERKELEY CA US,20100613,-6.66,-6.66,-6.66,0.10,0.0,16.67,0.0,40,20,3,-9999,0,0,0,0,0,0,0,0,0,62.4,21.5,73.1,51.6,4.5,7.4,7.6,3.3
GHCND:USC00040693,BERKELEY CA US,20100614,-6.66,-6.66,-6.66,0.10,0.0,16.67,0.0,39,19,3,-9999,0,0,0,0,0,0,0,0,0,62.5,21.5,73.2,51.7,4.5,7.4,7.6,3.3
GHCND:USC00040693,BERKELEY CA US,20100615,-6.66,-6.66,-6.66,0.11,0.0,16.68,0.0,37,17,3,0,0,0,0,0,0,0,0,0,0,62.5,21.6,73.3,51.7,4.5,7.4,7.6,3.3
GHCND:USC00040693,BERKELEY CA US,20100616,-6.66,-6.66,-6.66,0.11,0.0,16.68,0.0,35,16,3,0,0,0,0,0,0,0,0,0,0,62.6,21.7,73.4,51.8,4.5,7.4,7.6,3.2
GHCND:USC00040693,BERKELEY CA US,20100617,-6.66,-6.66,-6.66,0.12,0.0,16.69,0.0,33,15,2,0,0,0,0,0,0,0,0,0,0,62.7,21.7,73.5,51.8,4.5,7.4,7.5,3.2
GHCND:USC00040693,BERKELEY CA US,20100618,-6.66,-6.66,-6.66,0.12,0.0,16.69,0.0,32,14,2,0,0,0,0,0,0,0,0,0,0,62.7,21.8,73.6,51.9,4.5,7.4,7.5,3.2
GHCND:USC00040693,BERKELEY CA US,20100619,-6.66,-6.66,-6.66,0.12,0.0,16.69,0.0,30,13,2,0,0,0,0,0,0,0,0,0,0,62.8,21.8,73.7,51.9,4.5,7.4,7.5,3.2
GHCND:USC00040693,BERKELEY CA US,20100620,-6.66,-6.66,-6.66,0.13,0.0,16.70,0.0,28,12,2,0,0,0,0,0,0,0,0,0,0,62.9,21.9,73.8,51.9,4.4,7.3,7.5,3.1
GHCND:USC00040693,BERKELEY CA US,20100621,-6.66,-6.66,-6.66,0.13,0.0,16.70,0.0,27,11,2,0,0,0,0,0,0,0,0,0,0,62.9,21.9,73.9,52.0,4.4,7.3,7.4,3.1
GHCND:USC00040693,BERKELEY CA US,20100622,-6.66,-6.66,-6.66,0.13,0.0,16.70,0.0,25,10,2,0,0,0,0,0,0,0,0,0,0,63.0,21.9,73.9,52.0,4.4,7.2,7.4,3.1
GHCND:USC00040693,BERKELEY CA US,20100623,-6.66,-6.66,-6.66,0.14,0.0,16.71,0.0,24,9,2,0,0,0,0,0,0,0,0,0,0,63.0,21.9,74.0,52.1,4.3,7.2,7.3,3.1
GHCND:USC00040693,BERKELEY CA US,20100624,-6.66,-6.66,-6.66,0.14,0.0,16.71,0.0,23,8,1,0,0,0,0,0,0,0,0,0,0,63.1,22.0,74.1,52.1,4.3,7.1,7.3,3.0
GHCND:USC00040693,BERKELEY CA US,20100625,-6.66,-6.66,-6.66,0.14,0.0,16.71,0.0,22,7,1,0,0,0,0,0,0,0,0,0,0,63.1,22.0,74.1,52.1,4.3,7.1,7.2,3.0
GHCND:USC00040693,BERKELEY CA US,20100626,-6.66,-6.66,-6.66,0.14,0.0,16.71,0.0,21,7,1,0,0,0,0,0,0,0,0,0,0,63.2,22.0,74.1,52.2,4.3,7.0,7.2,3.0
GHCND:USC00040693,BERKELEY CA US,20100627,-6.66,-6.66,-6.66,0.14,0.0,16.71,0.0,20,6,1,0,0,0,0,0,0,0,0,0,0,63.2,22.0,74.2,52.2,4.2,7.0,7.2,2.9
GHCND:USC00040693,BERKELEY CA US,20100628,-6.66,-6.66,-6.66,0.15,0.0,16.72,0.0,19,5,1,0,0,0,0,0,0,0,0,0,0,63.2,22.0,74.2,52.2,4.2,6.9,7.1,2.9
GHCND:USC00040693,BERKELEY CA US,20100629,-6.66,-6.66,-6.66,0.15,0.0,16.72,0.0,18,5,1,0,0,0,0,0,0,0,0,0,0,63.3,21.9,74.2,52.3,4.2,6.9,7.1,2.9
GHCND:USC00040693,BERKELEY CA US,20100630,-6.66,-6.66,-6.66,0.15,0.0,16.72,0.0,17,4,1,0,0,0,0,0,0,0,0,0,0,63.3,21.9,74.2,52.3,4.1,6.9,7.0,2.9
GHCND:USC00040693,BERKELEY CA US,20100701,-6.66,-6.66,-6.66,0.00,0.0,16.72,0.0,16,-9999,-9999,0,0,0,0,0,0,0,0,0,0,63.3,21.9,74.2,52.4,4.1,6.8,7.0,2.8
GHCND:USC00040693,BERKELEY CA US,20100702,-6.66,-6.66,-6.66,0.00,0.0,16.72,0.0,15,-9999,-9999,0,0,0,0,0,0,0,0,0,0,63.3,21.8,74.2,52.4,4.1,6.8,6.9,2.8
GHCND:USC00040693,BERKELEY CA US,20100703,-6.66,-6.66,-6.66,0.00,0.0,16.72,0.0,15,-9999,-9999,0,0,0,0,0,0,0,0,0,0,63.3,21.8,74.2,52.4,4.0,6.7,6.9,2.8
GHCND:USC00040693,BERKELEY CA US,20100704,-6.66,-6.66,-6.66,0.00,0.0,16.72,0.0,14,-9999,0,0,0,0,0,0,0,0,0,0,0,63.4,21.7,74.2,52.5,4.0,6.7,6.8,2.8
GHCND:USC00040693,BERKELEY CA US,20100705,-6.66,-6.66,-6.66,0.00,0.0,16.72,0.0,13,-9999,0,0,0,0,0,0,0,0,0,0,0,63.4,21.7,74.2,52.5,4.0,6.6,6.8,2.7
GHCND:USC00040693,BERKELEY CA US,20100706,-6.66,-6.66,-6.66,0.00,0.0,16.72,0.0,13,-9999,0,0,0,0,0,0,0,0,0,0,0,63.4,21.6,74.2,52.6,3.9,6.6,6.7,2.7
GHCND:USC00040693,BERKELEY CA US,20100707,-6.66,-6.66,-6.66,0.00,0.0,16.72,0.0,12,-9999,0,0,0,0,0,0,0,0,0,0,0,63.4,21.6,74.2,52.6,3.9,6.5,6.7,2.7
GHCND:USC00040693,BERKELEY CA US,20100708,-6.66,-6.66,-6.66,0.00,0.0,16.72,0.0,12,-9999,0,0,0,0,0,0,0,0,0,0,0,63.4,21.5,74.1,52.6,3.9,6.5,6.6,2.7
GHCND:USC00040693,BERKELEY CA US,20100709,-6.66,-6.66,-6.66,0.00,0.0,16.72,0.0,12,-9999,0,0,0,0,0,0,0,0,0,0,0,63.4,21.4,74.1,52.7,3.8,6.4,6.6,2.6
GHCND:USC00040693,BERKELEY CA US,20100710,-6.66,-6.66,-6.66,0.00,0.0,16.72,0.0,12,-9999,0,0,0,0,0,0,0,0,0,0,0,63.4,21.4,74.1,52.7,3.8,6.4,6.5,2.6
GHCND:USC00040693,BERKELEY CA US,20100711,-6.66,-6.66,-6.66,0.00,0.0,16.72,0.0,12,-9999,0,0,0,0,0,0,0,0,0,0,0,63.4,21.3,74.0,52.8,3.8,6.3,6.4,2.6
GHCND:USC00040693,BERKELEY CA US,20100712,-6.66,-6.66,-6.66,0.00,0.0,16.72,0.0,12,0,0,0,0,0,0,0,0,0,0,0,0,63.4,21.2,74.0,52.8,3.7,6.3,6.4,2.6
GHCND:USC00040693,BERKELEY CA US,20100713,-6.66,-6.66,-6.66,0.00,0.0,16.72,0.0,12,0,0,0,0,0,0,0,0,0,0,0,0,63.4,21.1,74.0,52.9,3.7,6.2,6.3,2.5
GHCND:USC00040693,BERKELEY CA US,20100714,-6.66,-6.66,-6.66,0.01,0.0,16.73,0.0,12,0,0,0,0,0,0,0,0,0,0,0,0,63.4,21.0,73.9,52.9,3.7,6.2,6.3,2.5
GHCND:USC00040693,BERKELEY CA US,20100715,-6.66,-6.66,-6.66,0.01,0.0,16.73,0.0,12,0,0,0,0,0,0,0,0,0,0,0,0,63.4,21.0,73.9,53.0,3.6,6.1,6.3,2.5
GHCND:USC00040693,BERKELEY CA US,20100716,-6.66,-6.66,-6.66,0.01,0.0,16.73,0.0,12,0,0,0,0,0,0,0,0,0,0,0,0,63.4,20.9,73.9,53.0,3.6,6.1,6.2,2.5
GHCND:USC00040693,BERKELEY CA US,20100717,-6.66,-6.66,-6.66,0.01,0.0,16.73,0.0,12,0,0,0,0,0,0,0,0,0,0,0,0,63.4,20.8,73.8,53.0,3.6,6.0,6.2,2.5
GHCND:USC00040693,BERKELEY CA US,20100718,-6.66,-6.66,-6.66,0.01,0.0,16.73,0.0,13,0,0,0,0,0,0,0,0,0,0,0,0,63.4,20.7,73.8,53.1,3.6,6.0,6.1,2.5
GHCND:USC00040693,BERKELEY CA US,20100719,-6.66,-6.66,-6.66,0.01,0.0,16.73,0.0,13,0,0,0,0,0,0,0,0,0,0,0,0,63.5,20.6,73.8,53.1,3.6,6.0,6.1,2.5
GHCND:USC00040693,BERKELEY CA US,20100720,-6.66,-6.66,-6.66,0.01,0.0,16.73,0.0,13,0,0,0,0,0,0,0,0,0,0,0,0,63.5,20.6,73.7,53.2,3.5,5.9,6.1,2.5
GHCND:USC00040693,BERKELEY CA US,20100721,-6.66,-6.66,-6.66,0.01,0.0,16.73,0.0,13,0,0,0,0,0,0,0,0,0,0,0,0,63.5,20.5,73.7,53.2,3.5,5.9,6.1,2.5
GHCND:USC00040693,BERKELEY CA US,20100722,-6.66,-6.66,-6.66,0.01,0.0,16.73,0.0,14,0,0,0,0,0,0,0,0,0,0,0,0,63.5,20.4,73.7,53.3,3.5,5.9,6.1,2.5
GHCND:USC00040693,BERKELEY CA US,20100723,-6.66,-6.66,-6.66,0.01,0.0,16.73,0.0,14,0,0,0,0,0,0,0,0,0,0,0,0,63.5,20.4,73.7,53.3,3.5,5.9,6.0,2.5
GHCND:USC00040693,BERKELEY CA US,20100724,-6.66,-6.66,-6.66,0.01,0.0,16.73,0.0,14,-9999,0,0,0,0,0,0,0,0,0,0,0,63.5,20.3,73.6,53.4,3.5,5.9,6.0,2.5
GHCND:USC00040693,BERKELEY CA US,20100725,-6.66,-6.66,-6.66,0.01,0.0,16.73,0.0,14,-9999,0,0,0,0,0,0,0,0,0,0,0,63.5,20.2,73.6,53.4,3.5,5.9,6.0,2.5
GHCND:USC00040693,BERKELEY CA US,20100726,-6.66,-6.66,-6.66,0.01,0.0,16.73,0.0,15,-9999,0,0,0,0,0,0,0,0,0,0,0,63.5,20.2,73.6,53.4,3.5,5.9,6.0,2.4
GHCND:USC00040693,BERKELEY CA US,20100727,-6.66,-6.66,-6.66,0.01,0.0,16.73,0.0,15,-9999,0,0,0,0,0,0,0,0,0,0,0,63.6,20.1,73.6,53.5,3.5,5.9,6.0,2.4
GHCND:USC00040693,BERKELEY CA US,20100728,-6.66,-6.66,-6.66,0.01,0.0,16.73,0.0,15,-9999,0,0,0,0,0,0,0,0,0,0,0,63.6,20.1,73.6,53.5,3.4,5.9,6.0,2.4
GHCND:USC00040693,BERKELEY CA US,20100729,-6.66,-6.66,-6.66,0.01,0.0,16.73,0.0,15,-9999,0,0,0,0,0,0,0,0,0,0,0,63.6,20.1,73.6,53.6,3.4,5.8,5.9,2.4
GHCND:USC00040693,BERKELEY CA US,20100730,-6.66,-6.66,-6.66,0.01,0.0,16.73,0.0,16,-9999,0,0,0,0,0,0,0,0,0,0,0,63.6,20.0,73.6,53.6,3.4,5.8,5.9,2.4
GHCND:USC00040693,BERKELEY CA US,20100731,-6.66,-6.66,-6.66,0.01,0.0,16.73,0.0,16,-9999,0,0,0,0,0,0,0,0,0,0,0,63.6,20.0,73.6,53.6,3.4,5.8,5.9,2.4
GHCND:USC00040693,BERKELEY CA US,20100801,-6.66,-6.66,-6.66,0.00,0.0,16.73,0.0,16,2,1,0,0,0,0,0,0,0,0,0,0,63.7,20.0,73.7,53.7,3.3,5.8,5.8,2.4
GHCND:USC00040693,BERKELEY CA US,20100802,-6.66,-6.66,-6.66,0.00,0.0,16.73,0.0,16,2,1,0,0,0,0,0,0,0,0,0,0,63.7,20.0,73.7,53.7,3.3,5.8,5.8,2.4
GHCND:USC00040693,BERKELEY CA US,20100803,-6.66,-6.66,-6.66,0.00,0.0,16.73,0.0,17,2,1,0,0,0,0,0,0,0,0,0,0,63.7,20.0,73.7,53.7,3.3,5.8,5.8,2.4
GHCND:USC00040693,BERKELEY CA US,20100804,-6.66,-6.66,-6.66,0.00,0.0,16.73,0.0,17,3,1,0,0,0,0,0,0,0,0,0,0,63.8,20.0,73.7,53.8,3.3,5.8,5.8,2.4
GHCND:USC00040693,BERKELEY CA US,20100805,-6.66,-6.66,-6.66,0.00,0.0,16.73,0.0,17,3,1,0,0,0,0,0,0,0,0,0,0,63.8,20.0,73.8,53.8,3.2,5.8,5.7,2.4
GHCND:USC00040693,BERKELEY CA US,20100806,-6.66,-6.66,-6.66,0.00,0.0,16.73,0.0,17,3,1,0,0,0,0,0,0,0,0,0,0,63.8,20.0,73.8,53.8,3.2,5.8,5.7,2.4
GHCND:USC00040693,BERKELEY CA US,20100807,-6.66,-6.66,-6.66,0.01,0.0,16.74,0.0,17,4,1,0,0,0,0,0,0,0,0,0,0,63.9,20.0,73.9,53.9,3.2,5.8,5.7,2.4
GHCND:USC00040693,BERKELEY CA US,20100808,-6.66,-6.66,-6.66,0.01,0.0,16.74,0.0,16,4,1,0,0,0,0,0,0,0,0,0,0,63.9,20.0,73.9,53.9,3.2,5.8,5.7,2.4
GHCND:USC00040693,BERKELEY CA US,20100809,-6.66,-6.66,-6.66,0.01,0.0,16.74,0.0,16,4,1,0,0,0,0,0,0,0,0,0,0,63.9,20.0,73.9,53.9,3.2,5.8,5.7,2.4
GHCND:USC00040693,BERKELEY CA US,20100810,-6.66,-6.66,-6.66,0.01,0.0,16.74,0.0,16,4,1,0,0,0,0,0,0,0,0,0,0,64.0,20.1,74.0,53.9,3.2,5.9,5.8,2.4
GHCND:USC00040693,BERKELEY CA US,20100811,-6.66,-6.66,-6.66,0.01,0.0,16.74,0.0,16,5,1,0,0,0,0,0,0,0,0,0,0,64.0,20.1,74.0,53.9,3.3,5.9,5.8,2.4
GHCND:USC00040693,BERKELEY CA US,20100812,-6.66,-6.66,-6.66,0.02,0.0,16.75,0.0,16,5,1,0,0,0,0,0,0,0,0,0,0,64.0,20.1,74.1,54.0,3.3,5.9,5.8,2.4
GHCND:USC00040693,BERKELEY CA US,20100813,-6.66,-6.66,-6.66,0.02,0.0,16.75,0.0,16,5,1,0,0,0,0,0,0,0,0,0,0,64.1,20.2,74.1,54.0,3.3,6.0,5.8,2.4
GHCND:USC00040693,BERKELEY CA US,20100814,-6.66,-6.66,-6.66,0.02,0.0,16.75,0.0,15,6,1,0,0,0,0,0,0,0,0,0,0,64.1,20.2,74.2,54.0,3.3,6.0,5.9,2.4
GHCND:USC00040693,BERKELEY CA US,20100815,-6.66,-6.66,-6.66,0.02,0.0,16.75,0.0,15,6,1,0,0,0,0,0,0,0,0,0,0,64.1,20.3,74.3,54.0,3.4,6.1,5.9,2.4
GHCND:USC00040693,BERKELEY CA US,20100816,-6.66,-6.66,-6.66,0.02,0.0,16.75,0.0,15,6,1,0,0,0,0,0,0,0,0,0,0,64.1,20.3,74.3,54.0,3.4,6.1,6.0,2.5
GHCND:USC00040693,BERKELEY CA US,20100817,-6.66,-6.66,-6.66,0.02,0.0,16.75,0.0,15,7,1,0,0,0,0,0,0,0,0,0,0,64.2,20.4,74.4,54.0,3.4,6.2,6.1,2.5
GHCND:USC00040693,BERKELEY CA US,20100818,-6.66,-6.66,-6.66,0.03,0.0,16.76,0.0,15,7,1,0,0,0,0,0,0,0,0,0,0,64.2,20.4,74.4,54.0,3.5,6.2,6.1,2.5
GHCND:USC00040693,BERKELEY CA US,20100819,-6.66,-6.66,-6.66,0.03,0.0,16.76,0.0,16,7,1,0,0,0,0,0,0,0,0,0,0,64.2,20.5,74.5,54.0,3.5,6.3,6.2,2.5
GHCND:USC00040693,BERKELEY CA US,20100820,-6.66,-6.66,-6.66,0.03,0.0,16.76,0.0,16,8,1,0,0,0,0,0,0,0,0,0,0,64.2,20.5,74.5,54.0,3.5,6.3,6.2,2.6
GHCND:USC00040693,BERKELEY CA US,20100821,-6.66,-6.66,-6.66,0.03,0.0,16.76,0.0,16,8,1,0,0,0,0,0,0,0,0,0,0,64.3,20.6,74.6,54.0,3.6,6.4,6.3,2.6
GHCND:USC00040693,BERKELEY CA US,20100822,-6.66,-6.66,-6.66,0.04,0.0,16.77,0.0,16,8,1,0,0,0,0,0,0,0,0,0,0,64.3,20.6,74.6,54.0,3.6,6.4,6.3,2.6
GHCND:USC00040693,BERKELEY CA US,20100823,-6.66,-6.66,-6.66,0.04,0.0,16.77,0.0,16,9,1,0,0,0,0,0,0,0,0,0,0,64.3,20.7,74.7,54.0,3.6,6.5,6.4,2.6
GHCND:USC00040693,BERKELEY CA US,20100824,-6.66,-6.66,-6.66,0.04,0.0,16.77,0.0,17,9,2,0,0,0,0,0,0,0,0,0,0,64.3,20.8,74.7,53.9,3.7,6.5,6.5,2.7
GHCND:USC00040693,BERKELEY CA US,20100825,-6.66,-6.66,-6.66,0.04,0.0,16.77,0.0,18,9,2,0,0,0,0,0,0,0,0,0,0,64.3,20.8,74.7,53.9,3.7,6.6,6.5,2.7
GHCND:USC00040693,BERKELEY CA US,20100826,-6.66,-6.66,-6.66,0.05,0.0,16.78,0.0,18,10,2,0,0,0,0,0,0,0,0,0,0,64.4,20.9,74.8,53.9,3.8,6.6,6.6,2.7
GHCND:USC00040693,BERKELEY CA US,20100827,-6.66,-6.66,-6.66,0.05,0.0,16.78,0.0,19,11,2,0,0,0,0,0,0,0,0,0,0,64.4,20.9,74.8,53.9,3.8,6.6,6.6,2.7
GHCND:USC00040693,BERKELEY CA US,20100828,-6.66,-6.66,-6.66,0.05,0.0,16.78,0.0,20,11,2,0,0,0,0,0,0,0,0,0,0,64.4,21.0,74.8,53.9,3.9,6.7,6.7,2.8
GHCND:USC00040693,BERKELEY CA US,20100829,-6.66,-6.66,-6.66,0.05,0.0,16.78,0.0,21,12,2,0,0,0,0,0,0,0,0,0,0,64.4,21.0,74.9,53.9,3.9,6.7,6.8,2.8
GHCND:USC00040693,BERKELEY CA US,20100830,-6.66,-6.66,-6.66,0.06,0.0,16.79,0.0,22,13,2,0,0,0,0,0,0,0,0,0,0,64.4,21.1,74.9,53.8,4.0,6.7,6.8,2.8
GHCND:USC00040693,BERKELEY CA US,20100831,-6.66,-6.66,-6.66,0.06,0.0,16.79,0.0,23,13,2,0,0,0,0,0,0,0,0,0,0,64.4,21.1,74.9,53.8,4.0,6.8,6.9,2.9
GHCND:USC00040693,BERKELEY CA US,20100901,-6.66,-6.66,-6.66,0.00,0.0,16.79,0.0,25,14,2,0,0,0,0,0,0,0,0,0,0,64.4,21.1,74.9,53.8,4.1,6.8,6.9,2.9
GHCND:USC00040693,BERKELEY CA US,20100902,-6.66,-6.66,-6.66,0.01,0.0,16.80,0.0,26,14,2,0,0,0,0,0,0,0,0,0,0,64.4,21.2,75.0,53.8,4.1,6.8,7.0,2.9
GHCND:USC00040693,BERKELEY CA US,20100903,-6.66,-6.66,-6.66,0.01,0.0,16.80,0.0,28,15,2,0,0,0,0,0,0,0,0,0,0,64.4,21.2,75.0,53.8,4.2,6.8,7.1,3.0
GHCND:USC00040693,BERKELEY CA US,20100904,-6.66,-6.66,-6.66,0.01,0.0,16.80,0.0,29,16,2,0,0,0,0,0,0,0,0,0,0,64.4,21.2,75.0,53.7,4.2,6.9,7.1,3.0
GHCND:USC00040693,BERKELEY CA US,20100905,-6.66,-6.66,-6.66,0.02,0.0,16.81,0.0,31,16,3,0,0,0,0,0,0,0,0,0,0,64.3,21.3,75.0,53.7,4.2,6.9,7.2,3.0
GHCND:USC00040693,BERKELEY CA US,20100906,-6.66,-6.66,-6.66,0.02,0.0,16.81,0.0,33,17,3,0,0,0,0,0,0,0,0,0,0,64.3,21.3,75.0,53.7,4.3,7.0,7.2,3.1
GHCND:USC00040693,BERKELEY CA US,20100907,-6.66,-6.66,-6.66,0.03,0.0,16.82,0.0,35,18,3,0,0,0,0,0,0,0,0,0,0,64.3,21.3,75.0,53.7,4.3,7.0,7.2,3.1
GHCND:USC00040693,BERKELEY CA US,20100908,-6.66,-6.66,-6.66,0.03,0.0,16.82,0.0,37,19,3,0,0,0,0,0,0,0,0,0,0,64.3,21.4,75.0,53.6,4.3,7.0,7.3,3.1
GHCND:USC00040693,BERKELEY CA US,20100909,-6.66,-6.66,-6.66,0.03,0.0,16.82,0.0,39,19,3,0,0,0,0,0,0,0,0,0,0,64.3,21.4,75.0,53.6,4.3,7.1,7.3,3.1
GHCND:USC00040693,BERKELEY CA US,20100910,-6.66,-6.66,-6.66,0.04,0.0,16.83,0.0,41,20,3,0,0,0,0,0,0,0,0,0,0,64.3,21.4,75.0,53.6,4.4,7.1,7.4,3.2
GHCND:USC00040693,BERKELEY CA US,20100911,-6.66,-6.66,-6.66,0.05,0.0,16.84,0.0,43,21,3,0,0,0,0,0,0,0,0,0,0,64.3,21.4,75.0,53.5,4.4,7.2,7.4,3.2
GHCND:USC00040693,BERKELEY CA US,20100912,-6.66,-6.66,-6.66,0.05,0.0,16.84,0.0,45,22,4,0,0,0,0,0,0,0,0,0,0,64.2,21.4,74.9,53.5,4.4,7.2,7.5,3.2
GHCND:USC00040693,BERKELEY CA US,20100913,-6.66,-6.66,-6.66,0.06,0.0,16.85,0.0,47,23,4,0,0,0,0,0,0,0,0,0,0,64.2,21.4,74.9,53.5,4.4,7.2,7.5,3.2
GHCND:USC00040693,BERKELEY CA US,20100914,-6.66,-6.66,-6.66,0.07,0.0,16.86,0.0,49,24,4,0,0,0,0,0,0,0,0,0,0,64.2,21.4,74.9,53.5,4.5,7.3,7.5,3.2
GHCND:USC00040693,BERKELEY CA US,20100915,-6.66,-6.66,-6.66,0.07,0.0,16.86,0.0,51,25,5,0,0,0,0,0,0,0,0,0,0,64.2,21.5,74.9,53.4,4.5,7.3,7.5,3.3
GHCND:USC00040693,BERKELEY CA US,20100916,-6.66,-6.66,-6.66,0.08,0.0,16.87,0.0,53,26,5,-9999,0,0,0,0,0,0,0,0,0,64.1,21.5,74.9,53.4,4.5,7.3,7.5,3.3
GHCND:USC00040693,BERKELEY CA US,20100917,-6.66,-6.66,-6.66,0.09,0.0,16.88,0.0,55,27,5,-9999,0,0,0,0,0,0,0,0,0,64.1,21.5,74.8,53.4,4.5,7.3,7.5,3.3
GHCND:USC00040693,BERKELEY CA US,20100918,-6.66,-6.66,-6.66,0.10,0.0,16.89,0.0,57,28,6,-9999,0,0,0,0,0,0,0,0,0,64.1,21.5,74.8,53.3,4.5,7.3,7.5,3.3
GHCND:USC00040693,BERKELEY CA US,20100919,-6.66,-6.66,-6.66,0.10,0.0,16.89,0.0,59,29,6,-9999,0,0,0,0,0,0,0,0,0,64.1,21.5,74.8,53.3,4.5,7.3,7.5,3.3
GHCND:USC00040693,BERKELEY CA US,20100920,-6.66,-6.66,-6.66,0.11,0.0,16.90,0.0,60,30,6,-9999,0,0,0,0,0,0,0,0,0,64.0,21.5,74.8,53.3,4.5,7.3,7.5,3.4
GHCND:USC00040693,BERKELEY CA US,20100921,-6.66,-6.66,-6.66,0.12,0.0,16.91,0.0,62,31,7,-9999,0,0,0,0,0,0,0,0,0,64.0,21.5,74.7,53.3,4.5,7.3,7.5,3.4
GHCND:USC00040693,BERKELEY CA US,20100922,-6.66,-6.66,-6.66,0.13,0.0,16.92,0.0,64,32,7,-9999,0,0,0,0,0,0,0,0,0,64.0,21.5,74.7,53.2,4.5,7.3,7.5,3.4
GHCND:USC00040693,BERKELEY CA US,20100923,-6.66,-6.66,-6.66,0.14,0.0,16.93,0.0,66,33,7,-9999,0,0,0,0,0,0,0,0,0,63.9,21.5,74.7,53.2,4.5,7.2,7.5,3.4
GHCND:USC00040693,BERKELEY CA US,20100924,-6.66,-6.66,-6.66,0.15,0.0,16.94,0.0,67,34,8,-9999,0,0,0,0,0,0,0,0,0,63.9,21.5,74.6,53.2,4.5,7.2,7.4,3.4
GHCND:USC00040693,BERKELEY CA US,20100925,-6.66,-6.66,-6.66,0.16,0.0,16.95,0.0,69,35,8,-9999,0,0,0,0,0,0,0,0,0,63.9,21.5,74.6,53.1,4.5,7.2,7.4,3.5
GHCND:USC00040693,BERKELEY CA US,20100926,-6.66,-6.66,-6.66,0.18,0.0,16.97,0.0,70,36,9,-9999,0,0,0,0,0,0,0,0,0,63.8,21.5,74.5,53.1,4.6,7.2,7.4,3.5
GHCND:USC00040693,BERKELEY CA US,20100927,-6.66,-6.66,-6.66,0.19,0.0,16.98,0.0,72,36,9,-9999,0,0,0,0,0,0,0,0,0,63.8,21.5,74.5,53.0,4.6,7.2,7.4,3.5
GHCND:USC00040693,BERKELEY CA US,20100928,-6.66,-6.66,-6.66,0.20,0.0,16.99,0.0,73,38,10,-9999,0,0,0,0,0,0,0,0,0,63.7,21.5,74.5,53.0,4.5,7.2,7.4,3.5
GHCND:USC00040693,BERKELEY CA US,20100929,-6.66,-6.66,-6.66,0.22,0.0,17.01,0.0,75,39,11,-9999,0,0,0,0,0,0,0,0,0,63.7,21.4,74.4,53.0,4.5,7.1,7.4,3.5
GHCND:USC00040693,BERKELEY CA US,20100930,-6.66,-6.66,-6.66,0.24,0.0,17.03,0.0,77,40,11,-9999,0,0,0,0,0,0,0,0,0,63.6,21.4,74.4,52.9,4.5,7.1,7.3,3.5
GHCND:USC00040693,BERKELEY CA US,20101001,-6.66,-6.66,-6.66,0.02,0.0,17.05,0.0,79,41,12,4,0,0,0,0,0,0,0,0,0,63.6,21.4,74.3,52.9,4.5,7.1,7.3,3.5
GHCND:USC00040693,BERKELEY CA US,20101002,-6.66,-6.66,-6.66,0.04,0.0,17.07,0.0,81,43,13,5,0,0,0,0,0,0,0,0,0,63.5,21.4,74.2,52.8,4.5,7.1,7.3,3.5
GHCND:USC00040693,BERKELEY CA US,20101003,-6.66,-6.66,-6.66,0.06,0.0,17.09,0.0,83,45,14,5,0,0,0,0,0,0,0,0,0,63.5,21.4,74.2,52.8,4.5,7.1,7.3,3.5
GHCND:USC00040693,BERKELEY CA US,20101004,-6.66,-6.66,-6.66,0.08,0.0,17.11,0.0,85,47,15,6,0,0,0,0,0,0,0,0,0,63.4,21.4,74.1,52.7,4.5,7.1,7.3,3.5
GHCND:USC00040693,BERKELEY CA US,20101005,-6.66,-6.66,-6.66,0.11,0.0,17.14,0.0,87,48,16,6,0,0,0,0,0,0,0,0,0,63.3,21.4,74.0,52.6,4.6,7.1,7.3,3.5
GHCND:USC00040693,BERKELEY CA US,20101006,-6.66,-6.66,-6.66,0.13,0.0,17.16,0.0,89,50,17,7,0,0,0,0,0,0,0,0,0,63.3,21.4,74.0,52.6,4.6,7.0,7.3,3.6
GHCND:USC00040693,BERKELEY CA US,20101007,-6.66,-6.66,-6.66,0.15,0.0,17.18,0.0,92,52,18,7,0,0,0,0,0,0,0,0,0,63.2,21.4,73.9,52.5,4.6,7.0,7.3,3.6
GHCND:USC00040693,BERKELEY CA US,20101008,-6.66,-6.66,-6.66,0.18,0.0,17.21,0.0,94,54,19,7,0,0,0,0,0,0,0,0,0,63.1,21.4,73.8,52.4,4.6,7.0,7.3,3.6
GHCND:USC00040693,BERKELEY CA US,20101009,-6.66,-6.66,-6.66,0.21,0.0,17.24,0.0,96,56,20,8,0,0,0,0,0,0,0,0,0,63.0,21.3,73.7,52.4,4.6,6.9,7.3,3.6
GHCND:USC00040693,BERKELEY CA US,20101010,-6.66,-6.66,-6.66,0.23,0.0,17.26,0.0,99,58,22,9,0,0,0,0,0,0,0,0,0,62.9,21.3,73.6,52.3,4.6,6.9,7.2,3.6
GHCND:USC00040693,BERKELEY CA US,20101011,-6.66,-6.66,-6.66,0.27,0.0,17.30,0.0,102,61,23,9,0,0,0,0,0,0,0,0,0,62.8,21.3,73.5,52.2,4.6,6.9,7.2,3.6
GHCND:USC00040693,BERKELEY CA US,20101012,-6.66,-6.66,-6.66,0.30,0.0,17.33,0.0,105,63,24,9,0,0,0,0,0,0,0,0,0,62.7,21.3,73.4,52.1,4.6,6.8,7.2,3.6
GHCND:USC00040693,BERKELEY CA US,20101013,-6.66,-6.66,-6.66,0.34,0.0,17.37,0.0,108,65,26,10,0,0,0,0,0,0,0,0,0,62.6,21.2,73.2,52.0,4.6,6.8,7.2,3.6
GHCND:USC00040693,BERKELEY CA US,20101014,0.05,0.16,0.55,0.37,0.0,17.40,0.0,112,68,27,10,0,0,0,0,0,0,0,0,0,62.5,21.2,73.1,51.9,4.6,6.7,7.1,3.6
GHCND:USC00040693,BERKELEY CA US,20101015,0.05,0.16,0.56,0.41,0.0,17.44,0.0,115,71,29,11,0,0,0,0,0,0,0,0,0,62.4,21.2,73.0,51.8,4.6,6.7,7.1,3.7
GHCND:USC00040693,BERKELEY CA US,20101016,0.05,0.17,0.57,0.45,0.0,17.48,0.0,118,74,30,11,0,0,0,0,0,0,0,0,0,62.3,21.1,72.8,51.7,4.6,6.7,7.1,3.7
GHCND:USC00040693,BERKELEY CA US,20101017,0.05,0.17,0.57,0.50,0.0,17.53,0.0,122,77,32,12,0,0,0,0,0,0,0,0,0,62.1,21.1,72.7,51.6,4.6,6.6,7.1,3.7
GHCND:USC00040693,BERKELEY CA US,20101018,0.05,0.17,0.58,0.54,0.0,17.57,0.0,126,80,34,12,0,0,0,0,0,0,0,0,0,62.0,21.1,72.5,51.5,4.6,6.6,7.0,3.7
GHCND:USC00040693,BERKELEY CA US,20101019,0.05,0.17,0.58,0.59,0.0,17.62,0.0,131,83,36,13,0,0,0,0,0,0,0,0,0,61.8,21.0,72.3,51.3,4.6,6.6,7.0,3.7
GHCND:USC00040693,BERKELEY CA US,20101020,0.05,0.17,0.59,0.64,0.0,17.67,0.0,135,87,38,13,0,0,0,0,0,0,0,0,0,61.7,21.0,72.2,51.2,4.5,6.5,7.0,3.7
GHCND:USC00040693,BERKELEY CA US,20101021,0.05,0.17,0.59,0.69,0.0,17.72,0.0,140,91,39,14,0,0,0,0,0,0,0,0,0,61.5,20.9,72.0,51.1,4.5,6.5,6.9,3.7
GHCND:USC00040693,BERKELEY CA US,20101022,0.05,0.18,0.59,0.74,0.0,17.77,0.0,145,94,41,14,0,0,0,0,0,0,0,0,0,61.3,20.8,71.8,50.9,4.5,6.4,6.9,3.7
GHCND:USC00040693,BERKELEY CA US,20101023,0.05,0.18,0.60,0.80,0.0,17.83,0.0,150,98,43,14,0,0,0,0,0,0,0,0,0,61.2,20.8,71.6,50.8,4.5,6.4,6.8,3.7
GHCND:USC00040693,BERKELEY CA US,20101024,0.05,0.18,0.60,0.87,0.0,17.90,0.0,155,102,45,15,0,0,0,0,0,0,0,0,0,61.0,20.7,71.3,50.6,4.5,6.4,6.8,3.7
GHCND:USC00040693,BERKELEY CA US,20101025,0.05,0.18,0.60,0.93,0.0,17.96,0.0,160,106,47,15,0,0,0,0,0,0,0,0,0,60.8,20.6,71.1,50.5,4.5,6.3,6.8,3.8
GHCND:USC00040693,BERKELEY CA US,20101026,0.05,0.18,0.60,0.99,0.0,18.02,0.0,165,110,49,15,0,0,0,0,0,0,0,0,0,60.6,20.5,70.9,50.3,4.5,6.3,6.7,3.8
GHCND:USC00040693,BERKELEY CA US,20101027,0.05,0.18,0.60,1.07,0.0,18.10,0.0,170,114,51,16,0,0,0,0,0,0,0,0,0,60.4,20.5,70.6,50.2,4.5,6.2,6.7,3.8
GHCND:USC00040693,BERKELEY CA US,20101028,0.05,0.18,0.60,1.13,0.0,18.16,0.0,176,118,53,16,0,0,0,0,0,0,0,0,0,60.2,20.4,70.4,50.0,4.5,6.2,6.7,3.8
GHCND:USC00040693,BERKELEY CA US,20101029,0.05,0.18,0.60,1.21,0.0,18.24,0.0,181,122,55,17,0,0,0,0,0,0,0,0,0,60.0,20.3,70.1,49.8,4.5,6.1,6.6,3.9
GHCND:USC00040693,BERKELEY CA US,20101030,0.05,0.18,0.60,1.29,0.0,18.32,0.0,186,126,56,17,0,0,0,0,0,0,0,0,0,59.7,20.2,69.8,49.7,4.5,6.1,6.6,3.9
GHCND:USC00040693,BERKELEY CA US,20101031,0.06,0.19,0.61,1.37,0.0,18.40,0.0,191,130,58,18,0,0,0,0,0,0,0,0,0,59.5,20.1,69.6,49.5,4.5,6.0,6.6,3.9
GHCND:USC00040693,BERKELEY CA US,20101101,0.06,0.19,0.61,0.09,0.0,18.49,0.0,195,134,60,18,0,0,0,0,0,0,0,0,0,59.3,20.0,69.3,49.3,4.5,6.0,6.5,4.0
GHCND:USC00040693,BERKELEY CA US,20101102,0.06,0.20,0.61,0.19,0.0,18.59,0.0,200,138,62,18,0,0,0,0,0,0,0,0,0,59.0,19.9,69.0,49.1,4.5,5.9,6.5,4.0
GHCND:USC00040693,BERKELEY CA US,20101103,0.06,0.20,0.62,0.28,0.0,18.68,0.0,205,142,64,19,0,0,0,0,0,0,0,0,0,58.8,19.7,68.7,48.9,4.5,5.9,6.5,4.1
GHCND:USC00040693,BERKELEY CA US,20101104,0.06,0.20,0.62,0.38,0.0,18.78,0.0,210,146,66,19,0,0,0,0,0,0,0,0,0,58.6,19.6,68.4,48.7,4.5,5.8,6.4,4.1
GHCND:USC00040693,BERKELEY CA US,20101105,0.07,0.21,0.62,0.48,0.0,18.88,0.0,214,151,68,20,0,0,0,0,0,0,0,0,0,58.3,19.5,68.1,48.6,4.5,5.8,6.4,4.1
GHCND:USC00040693,BERKELEY CA US,20101106,0.07,0.21,0.63,0.58,0.0,18.98,0.0,220,155,70,20,0,0,0,0,0,0,0,0,0,58.1,19.4,67.8,48.4,4.5,5.7,6.3,4.2
GHCND:USC00040693,BERKELEY CA US,20101107,0.07,0.21,0.63,0.68,0.0,19.08,0.0,225,159,73,20,0,0,0,0,0,0,0,0,0,57.8,19.3,67.4,48.2,4.5,5.7,6.3,4.2
GHCND:USC00040693,BERKELEY CA US,20101108,0.07,0.22,0.63,0.77,0.0,19.17,0.0,230,163,75,21,0,0,0,0,0,0,0,0,0,57.5,19.1,67.1,48.0,4.5,5.6,6.2,4.2
GHCND:USC00040693,BERKELEY CA US,20101109,0.07,0.22,0.63,0.87,0.0,19.27,0.0,235,167,76,21,0,0,0,0,0,0,0,0,0,57.3,19.0,66.8,47.8,4.5,5.6,6.2,4.3
GHCND:USC00040693,BERKELEY CA US,20101110,0.07,0.22,0.63,0.97,0.0,19.37,0.0,239,171,78,22,0,0,0,0,0,0,0,0,0,57.0,18.9,66.5,47.6,4.5,5.5,6.1,4.3
GHCND:USC00040693,BERKELEY CA US,20101111,0.08,0.23,0.63,1.08,0.0,19.48,0.0,244,175,80,22,0,0,0,0,0,0,0,0,0,56.8,18.8,66.1,47.4,4.5,5.5,6.1,4.3
GHCND:USC00040693,BERKELEY CA US,20101112,0.08,0.23,0.63,1.18,0.0,19.58,0.0,248,179,82,23,0,0,0,0,0,0,0,0,0,56.5,18.6,65.8,47.2,4.5,5.4,6.0,4.3
GHCND:USC00040693,BERKELEY CA US,20101113,0.08,0.23,0.63,1.29,0.0,19.69,0.0,253,183,84,23,0,0,0,0,0,0,0,0,0,56.3,18.5,65.5,47.0,4.4,5.4,5.9,4.3
GHCND:USC00040693,BERKELEY CA US,20101114,0.08,0.23,0.62,1.39,0.0,19.79,0.0,257,187,85,23,0,0,0,0,0,0,0,0,0,56.0,18.4,65.2,46.8,4.4,5.3,5.8,4.3
GHCND:USC00040693,BERKELEY CA US,20101115,0.08,0.24,0.62,1.50,0.0,19.90,0.0,262,191,87,24,0,0,0,0,0,0,0,0,0,55.7,18.2,64.9,46.6,4.4,5.3,5.8,4.4
GHCND:USC00040693,BERKELEY CA US,20101116,0.08,0.24,0.62,1.61,0.0,20.01,0.0,266,194,89,24,0,0,0,0,0,0,0,0,0,55.5,18.1,64.5,46.4,4.4,5.2,5.7,4.4
GHCND:USC00040693,BERKELEY CA US,20101117,0.08,0.24,0.62,1.73,0.0,20.13,0.0,270,198,90,25,0,0,0,0,0,0,0,0,0,55.2,18.0,64.2,46.3,4.3,5.2,5.6,4.4
GHCND:USC00040693,BERKELEY CA US,20101118,0.09,0.25,0.61,1.84,0.0,20.24,0.0,274,201,91,25,0,0,0,0,0,0,0,0,0,55.0,17.8,63.9,46.1,4.3,5.1,5.6,4.4
GHCND:USC00040693,BERKELEY CA US,20101119,0.09,0.25,0.61,1.96,0.0,20.36,0.0,278,205,93,25,0,0,0,0,0,0,0,0,0,54.7,17.7,63.6,45.9,4.3,5.1,5.5,4.4
GHCND:USC00040693,BERKELEY CA US,20101120,0.09,0.25,0.61,2.08,0.0,20.48,0.0,282,208,94,26,0,0,0,0,0,0,0,0,0,54.5,17.6,63.3,45.7,4.3,5.1,5.5,4.4
GHCND:USC00040693,BERKELEY CA US,20101121,0.09,0.26,0.61,2.19,0.0,20.59,0.0,285,211,96,27,0,0,0,0,0,0,0,0,0,54.3,17.5,63.0,45.5,4.3,5.1,5.4,4.4
GHCND:USC00040693,BERKELEY CA US,20101122,0.09,0.26,0.60,2.31,0.0,20.71,0.0,289,214,97,27,0,0,0,0,0,0,0,0,0,54.0,17.4,62.7,45.4,4.2,5.0,5.4,4.4
GHCND:USC00040693,BERKELEY CA US,20101123,0.09,0.27,0.61,2.42,0.0,20.82,0.0,292,217,99,28,0,0,0,0,0,0,0,0,0,53.8,17.2,62.4,45.2,4.2,5.0,5.3,4.5
GHCND:USC00040693,BERKELEY CA US,20101124,0.09,0.27,0.61,2.54,0.0,20.94,0.0,296,220,100,28,0,0,0,0,0,0,0,0,0,53.6,17.1,62.2,45.0,4.2,5.0,5.2,4.5
GHCND:USC00040693,BERKELEY CA US,20101125,0.10,0.27,0.61,2.66,0.0,21.06,0.0,299,223,102,29,0,0,0,0,0,0,0,0,0,53.4,17.0,61.9,44.9,4.2,5.0,5.2,4.5
GHCND:USC00040693,BERKELEY CA US,20101126,0.10,0.28,0.61,2.78,0.0,21.18,0.0,301,225,103,29,0,0,0,0,0,0,0,0,0,53.2,16.9,61.6,44.7,4.1,5.0,5.1,4.5
GHCND:USC00040693,BERKELEY CA US,20101127,0.10,0.28,0.61,2.91,0.0,21.31,0.0,304,228,104,30,0,0,0,0,0,0,0,0,0,53.0,16.8,61.4,44.6,4.1,4.9,5.0,4.5
GHCND:USC00040693,BERKELEY CA US,20101128,0.10,0.28,0.61,3.03,0.0,21.43,0.0,307,230,106,30,0,0,0,0,0,0,0,0,0,52.8,16.7,61.1,44.4,4.1,4.9,5.0,4.5
GHCND:USC00040693,BERKELEY CA US,20101129,0.10,0.29,0.61,3.17,0.0,21.57,0.0,310,232,107,31,0,0,0,0,0,0,0,0,0,52.6,16.6,60.9,44.3,4.0,4.9,4.9,4.5
GHCND:USC00040693,BERKELEY CA US,20101130,0.10,0.29,0.61,3.30,0.0,21.70,0.0,313,234,107,31,0,0,0,0,0,0,0,0,0,52.4,16.6,60.7,44.1,4.0,4.9,4.9,4.5
GHCND:USC00040693,BERKELEY CA US,20101201,0.10,0.29,0.61,0.15,0.0,21.85,0.0,316,236,108,32,0,0,0,0,0,0,0,0,0,52.2,16.5,60.5,44.0,4.0,4.9,4.8,4.5
GHCND:USC00040693,BERKELEY CA US,20101202,0.10,0.29,0.61,0.30,0.0,22.00,0.0,319,237,109,32,0,0,0,0,0,0,0,0,0,52.1,16.4,60.3,43.9,4.0,4.8,4.8,4.5
GHCND:USC00040693,BERKELEY CA US,20101203,0.09,0.29,0.61,0.44,0.0,22.14,0.0,322,238,110,32,0,0,0,0,0,0,0,0,0,51.9,16.3,60.1,43.7,4.0,4.8,4.7,4.5
GHCND:USC00040693,BERKELEY CA US,20101204,0.09,0.29,0.61,0.59,0.0,22.29,0.0,324,240,110,33,0,0,0,0,0,0,0,0,0,51.7,16.3,59.9,43.6,3.9,4.8,4.7,4.5
GHCND:USC00040693,BERKELEY CA US,20101205,0.09,0.29,0.61,0.75,0.0,22.45,0.0,327,241,111,34,0,0,0,0,0,0,0,0,0,51.6,16.2,59.7,43.5,3.9,4.7,4.6,4.5
GHCND:USC00040693,BERKELEY CA US,20101206,0.09,0.29,0.61,0.91,0.0,22.61,0.0,329,243,111,34,0,0,0,0,0,0,0,0,0,51.5,16.2,59.5,43.4,3.9,4.7,4.6,4.5
GHCND:USC00040693,BERKELEY CA US,20101207,0.09,0.29,0.62,1.07,0.0,22.77,0.0,331,244,112,35,0,0,0,0,0,0,0,0,0,51.3,16.1,59.4,43.3,3.9,4.7,4.5,4.6
GHCND:USC00040693,BERKELEY CA US,20101208,0.09,0.29,0.62,1.23,0.0,22.93,0.0,334,245,113,36,0,0,0,0,0,0,0,0,0,51.2,16.1,59.2,43.2,3.9,4.7,4.5,4.6
GHCND:USC00040693,BERKELEY CA US,20101209,0.09,0.29,0.62,1.39,0.0,23.09,0.0,336,246,113,36,0,0,0,0,0,0,0,0,0,51.1,16.0,59.1,43.1,3.9,4.7,4.5,4.6
GHCND:USC00040693,BERKELEY CA US,20101210,0.09,0.29,0.62,1.55,0.0,23.25,0.0,338,246,113,37,0,0,0,0,0,0,0,0,0,51.0,16.0,58.9,43.0,3.9,4.7,4.5,4.6
GHCND:USC00040693,BERKELEY CA US,20101211,0.09,0.29,0.62,1.71,0.0,23.41,0.0,339,247,113,37,0,0,0,0,0,0,0,0,0,50.8,16.0,58.8,42.9,3.9,4.6,4.5,4.6
GHCND:USC00040693,BERKELEY CA US,20101212,0.09,0.29,0.62,1.86,0.0,23.56,0.0,340,246,113,37,0,0,0,0,0,0,0,0,0,50.7,15.9,58.7,42.8,3.9,4.6,4.5,4.7
GHCND:USC00040693,BERKELEY CA US,20101213,0.08,0.29,0.62,2.02,0.0,23.72,0.0,341,246,113,38,0,0,0,0,0,0,0,0,0,50.6,15.9,58.6,42.7,4.0,4.6,4.5,4.7
GHCND:USC00040693,BERKELEY CA US,20101214,0.08,0.29,0.62,2.18,0.0,23.88,0.0,342,246,113,38,0,0,0,0,0,0,0,0,0,50.6,15.9,58.5,42.6,4.0,4.6,4.5,4.7
GHCND:USC00040693,BERKELEY CA US,20101215,0.08,0.29,0.62,2.35,0.0,24.05,0.0,342,245,113,39,0,0,0,0,0,0,0,0,0,50.5,15.9,58.4,42.5,4.0,4.6,4.5,4.8
GHCND:USC00040693,BERKELEY CA US,20101216,0.08,0.28,0.62,2.51,0.0,24.21,0.0,342,244,113,40,0,0,0,0,0,0,0,0,0,50.4,15.9,58.3,42.5,4.0,4.6,4.5,4.8
GHCND:USC00040693,BERKELEY CA US,20101217,0.08,0.28,0.63,2.68,0.0,24.38,0.0,343,244,113,40,0,0,0,0,0,0,0,0,0,50.3,15.9,58.2,42.4,4.0,4.6,4.4,4.8
GHCND:USC00040693,BERKELEY CA US,20101218,0.08,0.28,0.63,2.85,0.0,24.55,0.0,343,243,113,41,0,0,0,0,0,0,0,0,0,50.2,15.9,58.2,42.3,4.0,4.6,4.4,4.8
GHCND:USC00040693,BERKELEY CA US,20101219,0.08,0.28,0.63,3.02,0.0,24.72,0.0,343,242,113,41,0,0,0,0,0,0,0,0,0,50.2,15.9,58.1,42.3,4.0,4.6,4.4,4.8
GHCND:USC00040693,BERKELEY CA US,20101220,0.08,0.27,0.63,3.20,0.0,24.90,0.0,343,241,112,41,0,0,0,0,0,0,0,0,0,50.1,15.9,58.0,42.2,4.0,4.6,4.4,4.8
GHCND:USC00040693,BERKELEY CA US,20101221,0.07,0.27,0.63,3.39,0.0,25.09,0.0,344,241,112,42,0,0,0,0,0,0,0,0,0,50.1,15.9,58.0,42.1,4.0,4.6,4.4,4.8
GHCND:USC00040693,BERKELEY CA US,20101222,0.07,0.27,0.63,3.57,0.0,25.27,0.0,344,240,111,42,0,0,0,0,0,0,0,0,0,50.0,15.9,57.9,42.1,4.0,4.6,4.4,4.8
GHCND:USC00040693,BERKELEY CA US,20101223,0.07,0.26,0.63,3.75,0.0,25.45,0.0,344,239,111,42,0,0,0,0,0,0,0,0,0,50.0,15.9,57.9,42.0,4.0,4.6,4.5,4.9
GHCND:USC00040693,BERKELEY CA US,20101224,0.07,0.26,0.62,3.92,0.0,25.62,0.0,344,238,110,42,0,0,0,0,0,0,0,0,0,49.9,15.9,57.9,42.0,4.0,4.6,4.5,4.9
GHCND:USC00040693,BERKELEY CA US,20101225,0.07,0.25,0.62,4.10,0.0,25.80,0.0,345,238,110,43,0,0,0,0,0,0,0,0,0,49.9,15.9,57.8,41.9,4.1,4.7,4.5,4.9
GHCND:USC00040693,BERKELEY CA US,20101226,0.07,0.25,0.62,4.26,0.0,25.96,0.0,347,238,110,43,0,0,0,0,0,0,0,0,0,49.9,15.9,57.8,41.9,4.1,4.7,4.5,4.9
GHCND:USC00040693,BERKELEY CA US,20101227,0.07,0.25,0.62,4.43,0.0,26.13,0.0,349,239,110,44,0,0,0,0,0,0,0,0,0,49.8,15.9,57.8,41.9,4.1,4.7,4.5,4.9
GHCND:USC00040693,BERKELEY CA US,20101228,0.07,0.24,0.62,4.58,0.0,26.28,0.0,349,239,110,44,0,0,0,0,0,0,0,0,0,49.8,15.9,57.8,41.8,4.1,4.7,4.5,4.9
GHCND:USC00040693,BERKELEY CA US,20101229,0.07,0.24,0.62,4.74,0.0,26.44,0.0,351,239,110,45,0,0,0,0,0,0,0,0,0,49.8,15.9,57.7,41.8,4.1,4.7,4.5,4.9
GHCND:USC00040693,BERKELEY CA US,20101230,0.07,0.24,0.62,4.89,0.0,26.59,0.0,352,240,110,45,0,0,0,0,0,0,0,0,0,49.8,16.0,57.7,41.8,4.1,4.7,4.5,4.9
GHCND:USC00040693,BERKELEY CA US,20101231,0.07,0.23,0.61,5.04,0.0,26.74,0.0,352,241,110,45,0,0,0,0,0,0,0,0,0,49.7,16.0,57.7,41.7,4.1,4.8,4.5,4.9